--
-- PostgreSQL database dump
--

-- Dumped from database version 12.17 (Ubuntu 12.17-1.pgdg22.04+1)
-- Dumped by pg_dump version 12.17 (Ubuntu 12.17-1.pgdg22.04+1)

SET statement_timeout = 0;
SET lock_timeout = 0;
SET idle_in_transaction_session_timeout = 0;
SET client_encoding = 'UTF8';
SET standard_conforming_strings = on;
SELECT pg_catalog.set_config('search_path', '', false);
SET check_function_bodies = false;
SET xmloption = content;
SET client_min_messages = warning;
SET row_security = off;

DROP DATABASE universe;
--
-- Name: universe; Type: DATABASE; Schema: -; Owner: freecodecamp
--

CREATE DATABASE universe WITH TEMPLATE = template0 ENCODING = 'UTF8' LC_COLLATE = 'C.UTF-8' LC_CTYPE = 'C.UTF-8';


ALTER DATABASE universe OWNER TO freecodecamp;

\connect universe

SET statement_timeout = 0;
SET lock_timeout = 0;
SET idle_in_transaction_session_timeout = 0;
SET client_encoding = 'UTF8';
SET standard_conforming_strings = on;
SELECT pg_catalog.set_config('search_path', '', false);
SET check_function_bodies = false;
SET xmloption = content;
SET client_min_messages = warning;
SET row_security = off;

SET default_tablespace = '';

SET default_table_access_method = heap;

--
-- Name: galaxy; Type: TABLE; Schema: public; Owner: freecodecamp
--

CREATE TABLE public.galaxy (
    galaxy_id integer NOT NULL,
    name character varying(30) NOT NULL,
    age_in_million_years numeric(4,1) NOT NULL,
    distance_from_earth_in_million_km numeric NOT NULL,
    number_of_stars integer NOT NULL,
    galaxy_type_id integer
);


ALTER TABLE public.galaxy OWNER TO freecodecamp;

--
-- Name: galaxy_galaxy_id_seq; Type: SEQUENCE; Schema: public; Owner: freecodecamp
--

CREATE SEQUENCE public.galaxy_galaxy_id_seq
    AS integer
    START WITH 1
    INCREMENT BY 1
    NO MINVALUE
    NO MAXVALUE
    CACHE 1;


ALTER TABLE public.galaxy_galaxy_id_seq OWNER TO freecodecamp;

--
-- Name: galaxy_galaxy_id_seq; Type: SEQUENCE OWNED BY; Schema: public; Owner: freecodecamp
--

ALTER SEQUENCE public.galaxy_galaxy_id_seq OWNED BY public.galaxy.galaxy_id;


--
-- Name: galaxy_type; Type: TABLE; Schema: public; Owner: freecodecamp
--

CREATE TABLE public.galaxy_type (
    galaxy_type_id integer NOT NULL,
    name character varying(30) NOT NULL,
    description text
);


ALTER TABLE public.galaxy_type OWNER TO freecodecamp;

--
-- Name: galaxy_type_galaxy_type_id_seq; Type: SEQUENCE; Schema: public; Owner: freecodecamp
--

CREATE SEQUENCE public.galaxy_type_galaxy_type_id_seq
    AS integer
    START WITH 1
    INCREMENT BY 1
    NO MINVALUE
    NO MAXVALUE
    CACHE 1;


ALTER TABLE public.galaxy_type_galaxy_type_id_seq OWNER TO freecodecamp;

--
-- Name: galaxy_type_galaxy_type_id_seq; Type: SEQUENCE OWNED BY; Schema: public; Owner: freecodecamp
--

ALTER SEQUENCE public.galaxy_type_galaxy_type_id_seq OWNED BY public.galaxy_type.galaxy_type_id;


--
-- Name: moon; Type: TABLE; Schema: public; Owner: freecodecamp
--

CREATE TABLE public.moon (
    moon_id integer NOT NULL,
    name character varying(30) NOT NULL,
    description text,
    distance_to_planet_thousand_km numeric(4,1) NOT NULL,
    planet_id integer
);


ALTER TABLE public.moon OWNER TO freecodecamp;

--
-- Name: moon_moon_id_seq; Type: SEQUENCE; Schema: public; Owner: freecodecamp
--

CREATE SEQUENCE public.moon_moon_id_seq
    AS integer
    START WITH 1
    INCREMENT BY 1
    NO MINVALUE
    NO MAXVALUE
    CACHE 1;


ALTER TABLE public.moon_moon_id_seq OWNER TO freecodecamp;

--
-- Name: moon_moon_id_seq; Type: SEQUENCE OWNED BY; Schema: public; Owner: freecodecamp
--

ALTER SEQUENCE public.moon_moon_id_seq OWNED BY public.moon.moon_id;


--
-- Name: planet; Type: TABLE; Schema: public; Owner: freecodecamp
--

CREATE TABLE public.planet (
    planet_id integer NOT NULL,
    name character varying(30) NOT NULL,
    has_life boolean NOT NULL,
    is_spherical boolean NOT NULL,
    star_id integer,
    planet_type_id integer
);


ALTER TABLE public.planet OWNER TO freecodecamp;

--
-- Name: planet_planet_id_seq; Type: SEQUENCE; Schema: public; Owner: freecodecamp
--

CREATE SEQUENCE public.planet_planet_id_seq
    AS integer
    START WITH 1
    INCREMENT BY 1
    NO MINVALUE
    NO MAXVALUE
    CACHE 1;


ALTER TABLE public.planet_planet_id_seq OWNER TO freecodecamp;

--
-- Name: planet_planet_id_seq; Type: SEQUENCE OWNED BY; Schema: public; Owner: freecodecamp
--

ALTER SEQUENCE public.planet_planet_id_seq OWNED BY public.planet.planet_id;


--
-- Name: planet_type; Type: TABLE; Schema: public; Owner: freecodecamp
--

CREATE TABLE public.planet_type (
    planet_type_id integer NOT NULL,
    name character varying(30) NOT NULL,
    description text
);


ALTER TABLE public.planet_type OWNER TO freecodecamp;

--
-- Name: planet_type_planet_type_id_seq; Type: SEQUENCE; Schema: public; Owner: freecodecamp
--

CREATE SEQUENCE public.planet_type_planet_type_id_seq
    AS integer
    START WITH 1
    INCREMENT BY 1
    NO MINVALUE
    NO MAXVALUE
    CACHE 1;


ALTER TABLE public.planet_type_planet_type_id_seq OWNER TO freecodecamp;

--
-- Name: planet_type_planet_type_id_seq; Type: SEQUENCE OWNED BY; Schema: public; Owner: freecodecamp
--

ALTER SEQUENCE public.planet_type_planet_type_id_seq OWNED BY public.planet_type.planet_type_id;


--
-- Name: star; Type: TABLE; Schema: public; Owner: freecodecamp
--

CREATE TABLE public.star (
    star_id integer NOT NULL,
    name character varying(30) NOT NULL,
    description text,
    galaxy_id integer,
    number_of_planets integer
);


ALTER TABLE public.star OWNER TO freecodecamp;

--
-- Name: star_star_id_seq; Type: SEQUENCE; Schema: public; Owner: freecodecamp
--

CREATE SEQUENCE public.star_star_id_seq
    AS integer
    START WITH 1
    INCREMENT BY 1
    NO MINVALUE
    NO MAXVALUE
    CACHE 1;


ALTER TABLE public.star_star_id_seq OWNER TO freecodecamp;

--
-- Name: star_star_id_seq; Type: SEQUENCE OWNED BY; Schema: public; Owner: freecodecamp
--

ALTER SEQUENCE public.star_star_id_seq OWNED BY public.star.star_id;


--
-- Name: galaxy galaxy_id; Type: DEFAULT; Schema: public; Owner: freecodecamp
--

ALTER TABLE ONLY public.galaxy ALTER COLUMN galaxy_id SET DEFAULT nextval('public.galaxy_galaxy_id_seq'::regclass);


--
-- Name: galaxy_type galaxy_type_id; Type: DEFAULT; Schema: public; Owner: freecodecamp
--

ALTER TABLE ONLY public.galaxy_type ALTER COLUMN galaxy_type_id SET DEFAULT nextval('public.galaxy_type_galaxy_type_id_seq'::regclass);


--
-- Name: moon moon_id; Type: DEFAULT; Schema: public; Owner: freecodecamp
--

ALTER TABLE ONLY public.moon ALTER COLUMN moon_id SET DEFAULT nextval('public.moon_moon_id_seq'::regclass);


--
-- Name: planet planet_id; Type: DEFAULT; Schema: public; Owner: freecodecamp
--

ALTER TABLE ONLY public.planet ALTER COLUMN planet_id SET DEFAULT nextval('public.planet_planet_id_seq'::regclass);


--
-- Name: planet_type planet_type_id; Type: DEFAULT; Schema: public; Owner: freecodecamp
--

ALTER TABLE ONLY public.planet_type ALTER COLUMN planet_type_id SET DEFAULT nextval('public.planet_type_planet_type_id_seq'::regclass);


--
-- Name: star star_id; Type: DEFAULT; Schema: public; Owner: freecodecamp
--

ALTER TABLE ONLY public.star ALTER COLUMN star_id SET DEFAULT nextval('public.star_star_id_seq'::regclass);


--
-- Data for Name: galaxy; Type: TABLE DATA; Schema: public; Owner: freecodecamp
--

INSERT INTO public.galaxy VALUES (1, 'Milky Way', 540.5, 160.0, 0, 2);
INSERT INTO public.galaxy VALUES (2, 'Large Magellanic Cloud', 54.6, 160.0, 0, 1);
INSERT INTO public.galaxy VALUES (3, 'Small Magellanic Cloud', 660.0, 200.0, 0, 3);
INSERT INTO public.galaxy VALUES (4, 'Andromeda', 30.4, 770.0, 0, 4);
INSERT INTO public.galaxy VALUES (5, 'Triangulum', 50.7, 890.0, 0, 5);
INSERT INTO public.galaxy VALUES (6, 'Centaurus A', 60.8, 40.2, 0, 6);


--
-- Data for Name: galaxy_type; Type: TABLE DATA; Schema: public; Owner: freecodecamp
--

INSERT INTO public.galaxy_type VALUES (1, 'Elliptical', NULL);
INSERT INTO public.galaxy_type VALUES (2, 'Spiral', NULL);
INSERT INTO public.galaxy_type VALUES (3, 'Irregular', NULL);
INSERT INTO public.galaxy_type VALUES (4, 'ESO 325-G004', NULL);
INSERT INTO public.galaxy_type VALUES (5, 'M101', NULL);
INSERT INTO public.galaxy_type VALUES (6, 'MGC 1965', NULL);


--
-- Data for Name: moon; Type: TABLE DATA; Schema: public; Owner: freecodecamp
--

INSERT INTO public.moon VALUES (1, 'Moon', NULL, 0.0, 3);
INSERT INTO public.moon VALUES (2, 'Phobos', NULL, 0.0, 4);
INSERT INTO public.moon VALUES (3, 'Deimos', NULL, 0.0, 4);
INSERT INTO public.moon VALUES (4, 'Amalthea', NULL, 0.0, 4);
INSERT INTO public.moon VALUES (5, 'Io', NULL, 0.0, 4);
INSERT INTO public.moon VALUES (6, 'Europa', NULL, 0.0, 5);
INSERT INTO public.moon VALUES (7, 'Ganymede', NULL, 0.0, 5);
INSERT INTO public.moon VALUES (8, 'Callisto', NULL, 0.0, 5);
INSERT INTO public.moon VALUES (9, 'Himalia', NULL, 0.0, 5);
INSERT INTO public.moon VALUES (10, 'Pan', NULL, 0.0, 5);
INSERT INTO public.moon VALUES (11, 'Atlas', NULL, 0.0, 5);
INSERT INTO public.moon VALUES (12, 'Prometheus', NULL, 0.0, 5);
INSERT INTO public.moon VALUES (13, 'Enceladus', NULL, 0.0, 6);
INSERT INTO public.moon VALUES (14, 'Tethys', NULL, 0.0, 6);
INSERT INTO public.moon VALUES (15, 'Dione', NULL, 0.0, 6);
INSERT INTO public.moon VALUES (16, 'Rhea', NULL, 0.0, 6);
INSERT INTO public.moon VALUES (17, 'Titan', NULL, 0.0, 6);
INSERT INTO public.moon VALUES (18, 'Hyperion', NULL, 0.0, 6);
INSERT INTO public.moon VALUES (19, 'Umbriel', NULL, 0.0, 7);
INSERT INTO public.moon VALUES (20, 'Titania', NULL, 0.0, 7);
INSERT INTO public.moon VALUES (21, 'Triton', NULL, 0.0, 8);
INSERT INTO public.moon VALUES (22, 'Kerberos', NULL, 0.0, 2);


--
-- Data for Name: planet; Type: TABLE DATA; Schema: public; Owner: freecodecamp
--

INSERT INTO public.planet VALUES (1, 'Mercury', false, true, 2, 1);
INSERT INTO public.planet VALUES (2, 'Venus', false, false, 2, 2);
INSERT INTO public.planet VALUES (3, 'Earth', true, true, 2, 4);
INSERT INTO public.planet VALUES (4, 'Mars', false, false, 2, 5);
INSERT INTO public.planet VALUES (5, 'Jupiter', false, true, 3, 7);
INSERT INTO public.planet VALUES (6, 'Saturn', false, true, 3, 7);
INSERT INTO public.planet VALUES (7, 'Uranus', false, false, 3, 6);
INSERT INTO public.planet VALUES (8, 'Neptune', false, false, 3, 6);
INSERT INTO public.planet VALUES (9, '14 Andromedae b', false, false, 6, 4);
INSERT INTO public.planet VALUES (10, '18 Delphini b', false, false, 6, 3);
INSERT INTO public.planet VALUES (11, '42 Draconis b', false, false, 6, 4);
INSERT INTO public.planet VALUES (12, '47 Ursae Majoris b', false, false, 6, 2);


--
-- Data for Name: planet_type; Type: TABLE DATA; Schema: public; Owner: freecodecamp
--

INSERT INTO public.planet_type VALUES (1, 'Circumbinary', NULL);
INSERT INTO public.planet_type VALUES (2, 'Double', NULL);
INSERT INTO public.planet_type VALUES (3, 'Exoplanet', NULL);
INSERT INTO public.planet_type VALUES (4, 'Extragalactic', NULL);
INSERT INTO public.planet_type VALUES (5, 'Goldilocks', NULL);
INSERT INTO public.planet_type VALUES (6, 'Hot Jupiter', NULL);
INSERT INTO public.planet_type VALUES (7, 'Eccentric Jupiter', NULL);


--
-- Data for Name: star; Type: TABLE DATA; Schema: public; Owner: freecodecamp
--

INSERT INTO public.star VALUES (1, 'Lynx', NULL, 1, 0);
INSERT INTO public.star VALUES (2, 'Eridanus', NULL, 2, 0);
INSERT INTO public.star VALUES (3, 'Cassiopeia', NULL, 3, 0);
INSERT INTO public.star VALUES (4, 'Scorpius', NULL, 4, 0);
INSERT INTO public.star VALUES (5, 'Crux', NULL, 5, 0);
INSERT INTO public.star VALUES (6, 'Leo', NULL, 6, 0);


--
-- Name: galaxy_galaxy_id_seq; Type: SEQUENCE SET; Schema: public; Owner: freecodecamp
--

SELECT pg_catalog.setval('public.galaxy_galaxy_id_seq', 6, true);


--
-- Name: galaxy_type_galaxy_type_id_seq; Type: SEQUENCE SET; Schema: public; Owner: freecodecamp
--

SELECT pg_catalog.setval('public.galaxy_type_galaxy_type_id_seq', 6, true);


--
-- Name: moon_moon_id_seq; Type: SEQUENCE SET; Schema: public; Owner: freecodecamp
--

SELECT pg_catalog.setval('public.moon_moon_id_seq', 22, true);


--
-- Name: planet_planet_id_seq; Type: SEQUENCE SET; Schema: public; Owner: freecodecamp
--

SELECT pg_catalog.setval('public.planet_planet_id_seq', 12, true);


--
-- Name: planet_type_planet_type_id_seq; Type: SEQUENCE SET; Schema: public; Owner: freecodecamp
--

SELECT pg_catalog.setval('public.planet_type_planet_type_id_seq', 7, true);


--
-- Name: star_star_id_seq; Type: SEQUENCE SET; Schema: public; Owner: freecodecamp
--

SELECT pg_catalog.setval('public.star_star_id_seq', 6, true);


--
-- Name: galaxy galaxy_name_key; Type: CONSTRAINT; Schema: public; Owner: freecodecamp
--

ALTER TABLE ONLY public.galaxy
    ADD CONSTRAINT galaxy_name_key UNIQUE (name);


--
-- Name: galaxy galaxy_pkey; Type: CONSTRAINT; Schema: public; Owner: freecodecamp
--

ALTER TABLE ONLY public.galaxy
    ADD CONSTRAINT galaxy_pkey PRIMARY KEY (galaxy_id);


--
-- Name: galaxy_type galaxy_type_name_key; Type: CONSTRAINT; Schema: public; Owner: freecodecamp
--

ALTER TABLE ONLY public.galaxy_type
    ADD CONSTRAINT galaxy_type_name_key UNIQUE (name);


--
-- Name: galaxy_type galaxy_type_pkey; Type: CONSTRAINT; Schema: public; Owner: freecodecamp
--

ALTER TABLE ONLY public.galaxy_type
    ADD CONSTRAINT galaxy_type_pkey PRIMARY KEY (galaxy_type_id);


--
-- Name: moon moon_name_key; Type: CONSTRAINT; Schema: public; Owner: freecodecamp
--

ALTER TABLE ONLY public.moon
    ADD CONSTRAINT moon_name_key UNIQUE (name);


--
-- Name: moon moon_pkey; Type: CONSTRAINT; Schema: public; Owner: freecodecamp
--

ALTER TABLE ONLY public.moon
    ADD CONSTRAINT moon_pkey PRIMARY KEY (moon_id);


--
-- Name: planet planet_name_key; Type: CONSTRAINT; Schema: public; Owner: freecodecamp
--

ALTER TABLE ONLY public.planet
    ADD CONSTRAINT planet_name_key UNIQUE (name);


--
-- Name: planet planet_pkey; Type: CONSTRAINT; Schema: public; Owner: freecodecamp
--

ALTER TABLE ONLY public.planet
    ADD CONSTRAINT planet_pkey PRIMARY KEY (planet_id);


--
-- Name: planet_type planet_type_name_key; Type: CONSTRAINT; Schema: public; Owner: freecodecamp
--

ALTER TABLE ONLY public.planet_type
    ADD CONSTRAINT planet_type_name_key UNIQUE (name);


--
-- Name: planet_type planet_type_pkey; Type: CONSTRAINT; Schema: public; Owner: freecodecamp
--

ALTER TABLE ONLY public.planet_type
    ADD CONSTRAINT planet_type_pkey PRIMARY KEY (planet_type_id);


--
-- Name: star star_name_key; Type: CONSTRAINT; Schema: public; Owner: freecodecamp
--

ALTER TABLE ONLY public.star
    ADD CONSTRAINT star_name_key UNIQUE (name);


--
-- Name: star star_pkey; Type: CONSTRAINT; Schema: public; Owner: freecodecamp
--

ALTER TABLE ONLY public.star
    ADD CONSTRAINT star_pkey PRIMARY KEY (star_id);


--
-- Name: galaxy galaxy_galaxy_type_id_fkey; Type: FK CONSTRAINT; Schema: public; Owner: freecodecamp
--

ALTER TABLE ONLY public.galaxy
    ADD CONSTRAINT galaxy_galaxy_type_id_fkey FOREIGN KEY (galaxy_type_id) REFERENCES public.galaxy_type(galaxy_type_id);


--
-- Name: moon moon_planet_id_fkey; Type: FK CONSTRAINT; Schema: public; Owner: freecodecamp
--

ALTER TABLE ONLY public.moon
    ADD CONSTRAINT moon_planet_id_fkey FOREIGN KEY (planet_id) REFERENCES public.planet(planet_id);


--
-- Name: planet planet_planet_type_id_fkey; Type: FK CONSTRAINT; Schema: public; Owner: freecodecamp
--

ALTER TABLE ONLY public.planet
    ADD CONSTRAINT planet_planet_type_id_fkey FOREIGN KEY (planet_type_id) REFERENCES public.planet_type(planet_type_id);


--
-- Name: planet planet_star_id_fkey; Type: FK CONSTRAINT; Schema: public; Owner: freecodecamp
--

ALTER TABLE ONLY public.planet
    ADD CONSTRAINT planet_star_id_fkey FOREIGN KEY (star_id) REFERENCES public.star(star_id);


--
-- Name: star star_galaxy_id_fkey; Type: FK CONSTRAINT; Schema: public; Owner: freecodecamp
--

ALTER TABLE ONLY public.star
    ADD CONSTRAINT star_galaxy_id_fkey FOREIGN KEY (galaxy_id) REFERENCES public.galaxy(galaxy_id);


--
-- PostgreSQL database dump complete
--

